Mean,Std,Var
3.491076267868894467e-01;2.446167294886232579e-01;5.983734434571028743e-02;7.183670401573181152e+00
3.433235193029312571e-01;2.190224818567719778e-01;4.797084755870000689e-02;7.218771719932556508e+00
3.440514581832739283e-01;2.277524033345378618e-01;5.187115722465801548e-02;7.680484461784362615e+00
