Mean,Std,Var
2.105930443123805507e+00;1.415577946688892474e+00;2.003860923151940643e+00;7.162398886680603205e+00
3.562596251959760374e-01;4.537808724449589604e-01;2.059170801969081310e-01;7.194082236289977672e+00
3.462279443473492702e-01;2.579115979174363416e-01;6.651839234032534687e-02;7.286672949790954590e+00
3.461458677737471734e-01;2.441175829125703800e-01;5.959339428707566971e-02;7.240830254554748713e+00
