Step_Size,Mean,Std,Var
1.000000000000000021e-02;3.414317846757762842e-01;2.001726386055880103e-01;4.006908524632334101e-02
2.000000000000000042e-02;3.455616912794411411e-01;2.228907296705444074e-01;4.968027737306770358e-02
5.000000000000000278e-02;3.995816588214088916e-01;2.993044439932672773e-01;8.958315019411887403e-02
1.000000000000000056e-01;nan;nan;nan
