Step_Size,Mean,Std,Var
1.000000000000000021e-02;3.305904739661916225e-01;1.871238356697805250e-01;3.501532987577102296e-02
2.000000000000000042e-02;3.470226888443448954e-01;2.178529023792836472e-01;4.745988707507769327e-02
5.000000000000000278e-02;4.135868548002085698e-01;3.112223108343601385e-01;9.685932676107908423e-02
1.000000000000000056e-01;nan;nan;nan
